Action,Time,ISIN,Ticker,Name,ID,No. of shares,Price / share,Currency (Price / share),Exchange rate,Result,Currency (Result),Total,Currency (Total),Withholding tax,Currency (Withholding tax),Currency conversion fee,Currency (Currency conversion fee)
Limit buy,29/01/2026 14:38:00,US97717P1049,WT,WisdomTree,EOF45807078961,41.447297,17.02,USD,1.38293078,,,510.87,GBP,,,0.77,GBP
Limit buy,29/01/2026 14:38:00,US97717P1049,WT,WisdomTree,EOF45807078998,98,17.02,USD,1.38313169,,,1207.74,GBP,,,1.81,GBP
Limit buy,29/01/2026 14:39:00,US97717P1049,WT,WisdomTree,EOF45807079195,10.552703,17.02,USD,1.38318833,,,130.04,GBP,,,0.19,GBP
Limit buy,02/02/2026 20:04:00,US0231351067,AMZN,Amazon,EOF46022969942,10,243.25,USD,1.3658364,,,1783.63,GBP,,,2.67,GBP
Limit buy,02/02/2026 20:17:00,US48581R2058,KSPI,Kaspi.KZ,EOF46022972320,0.59341263,76.12,USD,1.36549484,,,33.13,GBP,,,0.05,GBP
Limit buy,02/02/2026 20:17:00,US48581R2058,KSPI,Kaspi.KZ,EOF46022972321,12,76.12,USD,1.3656057,,,669.89,GBP,,,1,GBP
Limit buy,02/02/2026 20:17:00,US48581R2058,KSPI,Kaspi.KZ,EOF46022972327,12,76.12,USD,1.36558528,,,669.9,GBP,,,1,GBP
Limit buy,02/02/2026 20:17:00,US48581R2058,KSPI,Kaspi.KZ,EOF46022972330,0.40658737,76.12,USD,1.36581776,,,22.69,GBP,,,0.03,GBP
Limit sell,04/02/2026 16:24:00,US0231351067,AMZN,Amazon,EOF46108638502,10,236.91,USD,1.36478327,-45.08,GBP,1733.28,GBP,,,2.6,GBP
Limit sell,09/02/2026 18:27:00,US97717P1049,WT,WisdomTree,EOF46362878849,50,15.96,USD,1.36739834,-31.7,GBP,582.71,GBP,,,0.88,GBP
Limit sell,10/02/2026 08:01:00,US94106L1098,UWS,Waste Management,EOF46365040970,2.8336,192.02,EUR,1.14829451,15.08,GBP,473.13,GBP,,,0.71,GBP
Limit sell,10/02/2026 08:05:00,US94106L1098,UWS,Waste Management,EOF46365047628,0.1664,191.82,EUR,1.14816,0.86,GBP,27.76,GBP,,,0.04,GBP
Limit buy,13/02/2026 13:54:00,US78392B1070,HY9H,SK hynix,EOF46553310711,2,518,EUR,1.14797331,,,903.81,GBP,,,1.35,GBP
Limit sell,18/02/2026 14:32:00,US97717P1049,WT,WisdomTree,EOF46803630829,100,16.52,USD,1.35425376,-10.73,GBP,1218.03,GBP,,,1.83,GBP
Limit buy,18/02/2026 14:34:00,US5949181045,MSFT,Microsoft,EOF46803632708,20,396.95,USD,1.35393945,,,5872.43,GBP,,,8.8,GBP
Limit sell,18/02/2026 14:36:00,US0367521038,ELV,Elevance Health,EOF46803633981,17,342.95,USD,1.35387155,220.96,GBP,4299.82,GBP,,,6.46,GBP
Limit buy,18/02/2026 14:44:00,CA2960061091,ERO,ERO Copper,EOF46803637097,25,30.37,USD,1.35386947,,,561.64,GBP,,,0.84,GBP
Limit buy,18/02/2026 14:46:00,US0231351067,AMZN,Amazon,EOF46803637662,15,204.85,USD,1.35372977,,,2273.24,GBP,,,3.4,GBP
Limit buy,18/02/2026 14:53:00,US7707001027,HOOD,Robinhood Markets,EOF46803641122,50,75.99,USD,1.35400964,,,2810.32,GBP,,,4.21,GBP
Limit buy,18/02/2026 15:28:00,US5949724083,MSTR,Strategy,EOF46805856599,15,129.54,USD,1.35394456,,,1437.29,GBP,,,2.15,GBP
Limit buy,18/02/2026 15:30:00,US74440L1061,PRYMY,Prysmian,EOF46805857139,15,59.27,USD,1.35424758,,,657.47,GBP,,,0.98,GBP
Limit sell,19/02/2026 14:49:00,US74440L1061,PRYMY,Prysmian,EOF46855016090,15,56.69,USD,1.34436311,-23.96,GBP,631.58,GBP,,,0.95,GBP
Limit buy,24/02/2026 20:03:00,US0231351067,AMZN,Amazon,EOF47109080380,10,209.45,USD,1.35000128,,,1553.81,GBP,,,2.33,GBP
Limit buy,24/02/2026 20:04:00,US48581R2058,KSPI,Kaspi.KZ,EOF47109080423,0.86670553,72.01,USD,1.35002087,,,46.3,GBP,,,0.07,GBP
Limit buy,24/02/2026 20:04:00,US48581R2058,KSPI,Kaspi.KZ,EOF47109080461,3,72.05,USD,1.34984075,,,160.37,GBP,,,0.24,GBP
Limit buy,24/02/2026 20:05:00,US48581R2058,KSPI,Kaspi.KZ,EOF47109080589,3,72.06,USD,1.34977522,,,160.4,GBP,,,0.24,GBP
Limit buy,24/02/2026 20:05:00,US48581R2058,KSPI,Kaspi.KZ,EOF47109080590,3,72.06,USD,1.34977522,,,160.4,GBP,,,0.24,GBP
Limit buy,24/02/2026 20:05:00,US48581R2058,KSPI,Kaspi.KZ,EOF47109080730,3,72.06,USD,1.34969095,,,160.41,GBP,,,0.24,GBP
Limit buy,24/02/2026 20:05:00,US48581R2058,KSPI,Kaspi.KZ,EOF47109080775,3,72.06,USD,1.34969095,,,160.41,GBP,,,0.24,GBP
Limit buy,24/02/2026 20:05:00,US48581R2058,KSPI,Kaspi.KZ,EOF47109080835,3,72.06,USD,1.34969095,,,160.41,GBP,,,0.24,GBP
Limit buy,24/02/2026 20:06:00,US48581R2058,KSPI,Kaspi.KZ,EOF47109080925,3,72.06,USD,1.34969095,,,160.41,GBP,,,0.24,GBP
Limit buy,24/02/2026 20:06:00,US48581R2058,KSPI,Kaspi.KZ,EOF47109080932,3,72.06,USD,1.34969095,,,160.41,GBP,,,0.24,GBP
Limit buy,24/02/2026 20:06:00,US48581R2058,KSPI,Kaspi.KZ,EOF47109080944,0.13329447,72.06,USD,1.34904487,,,7.13,GBP,,,0.01,GBP
Limit buy,24/02/2026 20:18:00,MHY410531021,INSW,International Seaways,EOF47109082730,8.5073489,69.73,USD,1.34978597,,,440.15,GBP,,,0.66,GBP
Limit buy,24/02/2026 20:18:00,MHY410531021,INSW,International Seaways,EOF47109082733,1.4926511,69.73,USD,1.34979329,,,77.23,GBP,,,0.12,GBP
Limit buy,24/02/2026 20:19:00,MHY410531021,INSW,International Seaways,EOF47109082901,7,69.74,USD,1.34979401,,,362.21,GBP,,,0.54,GBP
Dividend (Dividend),25/02/2026 15:29:00,US97717P1049,WT,WisdomTree,,100,0.0255,USD,0.739246,,,1.89,GBP,0.45,USD,,
Dividend (Dividend),26/02/2026 14:47:00,VGG6564A1057,NOMD,Nomad Foods,,100,0.17,USD,0.737708,,,12.54,GBP,0,USD,,
Limit sell,26/02/2026 15:01:00,MHY410531021,INSW,International Seaways,EOF47206893815,17,69.5,USD,1.35423233,-5.82,GBP,871.14,GBP,,,1.31,GBP
Limit sell,26/02/2026 15:07:00,VGG6564A1057,NOMD,Nomad Foods,EOF47206897699,100,10.9,USD,1.35454206,-107.93,GBP,803.49,GBP,,,1.21,GBP
Limit buy,26/02/2026 15:09:00,US0231351067,AMZN,Amazon,EOF47206898965,5,209.34,USD,1.35449557,,,773.92,GBP,,,1.16,GBP
Limit buy,26/02/2026 19:38:00,CA2960061091,ERO,ERO Copper,EOF47210481852,25,33.88,USD,1.34821087,,,629.18,GBP,,,0.94,GBP
Limit buy,26/02/2026 19:38:00,US5949181045,MSFT,Microsoft,EOF47210481888,5,401.98,USD,1.34822039,,,1493.02,GBP,,,2.24,GBP
Limit buy,26/02/2026 19:42:00,US48581R2058,KSPI,Kaspi.KZ,EOF47210482783,22.73964588,71.55,USD,1.34807747,,,1208.73,GBP,,,1.81,GBP
Limit buy,26/02/2026 19:42:00,US48581R2058,KSPI,Kaspi.KZ,EOF47210482809,2.26035412,71.55,USD,1.3479608,,,120.16,GBP,,,0.18,GBP
Limit buy,26/02/2026 19:43:00,US78392B1070,HY9H,SK hynix,EOF47210482888,2,646,EUR,1.14306947,,,1131.99,GBP,,,1.7,GBP
Limit sell,27/02/2026 16:13:00,US5949724083,MSTR,Strategy,EOF47260298600,15,128.75,USD,1.34506895,0.66,GBP,1433.65,GBP,,,2.15,GBP
Limit buy,02/03/2026 17:33:00,CA2960061091,ERO,ERO Copper,EOF47427274518,15,32.86,USD,1.34042206,,,368.27,GBP,,,0.55,GBP
Limit buy,03/03/2026 07:00:00,US78392B1070,HY9H,SK hynix,EOF47429893930,1,562,EUR,1.14495263,,,491.59,GBP,,,0.74,GBP
Limit buy,03/03/2026 07:05:00,US78392B1070,HY9H,SK hynix,EOF47429895711,1,556,EUR,1.14504602,,,486.3,GBP,,,0.73,GBP
Limit sell,06/03/2026 15:58:00,CA2960061091,ERO,ERO Copper,EOF47608628366,65,28.18,USD,1.33582748,-185.55,GBP,1369.15,GBP,,,2.06,GBP
Limit sell,06/03/2026 15:59:00,US78392B1070,HY9H,SK hynix,EOF47608628624,6,518,EUR,1.15380331,-315.47,GBP,2689.66,GBP,,,4.04,GBP
Limit sell,06/03/2026 16:00:00,US7707001027,HOOD,Robinhood Markets,EOF47608628978,50,78.23,USD,1.33599062,121.68,GBP,2923.4,GBP,,,4.39,GBP
Limit sell,06/03/2026 16:00:00,US0231351067,AMZN,Amazon,EOF47608629033,30,216.08,USD,1.33608971,257.69,GBP,4844.49,GBP,,,7.28,GBP
Limit sell,06/03/2026 16:02:00,US48581R2058,KSPI,Kaspi.KZ,EOF47608629669,72.985,74.81,USD,1.33645854,55.77,GBP,4079.3,GBP,,,6.13,GBP
Limit sell,06/03/2026 16:02:00,US48581R2058,KSPI,Kaspi.KZ,EOF47608629980,52.015,74.87,USD,1.33683119,41.27,GBP,2908.76,GBP,,,4.37,GBP
Limit sell,06/03/2026 16:08:00,US5949181045,MSFT,Microsoft,EOF47608632252,25,412.69,USD,1.33926079,349.28,GBP,7692.13,GBP,,,11.56,GBP
Dividend (Dividend),12/03/2026 16:18:00,US5949181045,MSFT,Microsoft,,20,0.7735,USD,0.747021,,,11.56,GBP,2.73,USD,,
Limit buy,30/03/2026 06:19:00,US5949181045,MSFT,Microsoft,EOF48702098719,20,358.95,USD,1.32765948,,,5415.37,GBP,,,8.11,GBP
Limit buy,30/03/2026 06:21:00,US02079K1079,GOOG,Alphabet (Class C),EOF48702098808,10,273.86,USD,1.32740703,,,2066.21,GBP,,,3.09,GBP
Limit buy,30/03/2026 06:36:00,US67066G1040,NVDA,Nvidia,EOF48702099086,40,168.11,USD,1.32708904,,,5074.63,GBP,,,7.6,GBP
Limit sell,30/03/2026 19:26:00,US02079K1079,GOOG,Alphabet (Class C),EOF48814765366,10,271.93,USD,1.31780954,0.38,GBP,2060.4,GBP,,,3.1,GBP
Limit sell,30/03/2026 19:28:00,US67066G1040,NVDA,Nvidia,EOF48814765817,40,164.63,USD,1.31779114,-69.88,GBP,4989.65,GBP,,,7.5,GBP
Limit sell,30/03/2026 19:29:00,US5949181045,MSFT,Microsoft,EOF48814766061,20,356.65,USD,1.31788989,5.18,GBP,5404.32,GBP,,,8.12,GBP
Limit buy,08/04/2026 04:53:00,US5949181045,MSFT,Microsoft,EOF49226980698,25,384.47,USD,1.34151073,,,7175.62,GBP,,,10.75,GBP
Limit buy,08/04/2026 04:55:00,US6153691059,MCO,Moody's,EOF49226980770,1.24674415,448.1,USD,1.34136726,,,417.11,GBP,,,0.62,GBP
Limit buy,08/04/2026 04:56:00,US6153691059,MCO,Moody's,EOF49226980775,5,448.1,USD,1.34148824,,,1672.67,GBP,,,2.51,GBP
Limit buy,08/04/2026 04:57:00,US0231351067,AMZN,Amazon,EOF49226980798,50,221.9,USD,1.34140959,,,8283.56,GBP,,,12.41,GBP
Limit buy,08/04/2026 05:20:00,US92826C8394,V,Visa,EOF49226981756,15,309.17,USD,1.34167016,,,3461.73,GBP,,,5.18,GBP
Limit buy,09/04/2026 13:50:00,US48581R2058,KSPI,Kaspi.KZ,EOF49304599506,2.09467904,75.28,USD,1.34247776,,,117.64,GBP,,,0.18,GBP
Limit buy,09/04/2026 13:51:00,US48581R2058,KSPI,Kaspi.KZ,EOF49304599524,3,75.28,USD,1.34244783,,,168.48,GBP,,,0.25,GBP
Limit buy,09/04/2026 13:51:00,US48581R2058,KSPI,Kaspi.KZ,EOF49304599872,3,75.28,USD,1.34188948,,,168.55,GBP,,,0.25,GBP
Limit buy,09/04/2026 13:51:00,US48581R2058,KSPI,Kaspi.KZ,EOF49304599906,3,75.25,USD,1.34191285,,,168.48,GBP,,,0.25,GBP
Limit buy,09/04/2026 13:51:00,US48581R2058,KSPI,Kaspi.KZ,EOF49304599983,3,75.24,USD,1.34181429,,,168.47,GBP,,,0.25,GBP
Limit buy,09/04/2026 13:51:00,US48581R2058,KSPI,Kaspi.KZ,EOF49306900105,3,75.24,USD,1.34165477,,,168.49,GBP,,,0.25,GBP
Limit buy,09/04/2026 13:52:00,US48581R2058,KSPI,Kaspi.KZ,EOF49306900150,21,75.37,USD,1.34167161,,,1181.47,GBP,,,1.77,GBP
Limit buy,09/04/2026 13:52:00,US48581R2058,KSPI,Kaspi.KZ,EOF49306900428,21,75.48,USD,1.34170764,,,1183.16,GBP,,,1.77,GBP
Limit buy,09/04/2026 13:52:00,US48581R2058,KSPI,Kaspi.KZ,EOF49306900618,21,75.48,USD,1.34161679,,,1183.24,GBP,,,1.77,GBP
Limit buy,09/04/2026 13:52:00,US48581R2058,KSPI,Kaspi.KZ,EOF49306900632,19.90532096,75.48,USD,1.34160821,,,1121.57,GBP,,,1.68,GBP
Limit sell,09/04/2026 19:33:00,US92826C8394,V,Visa,EOF49309549686,15,308.65,USD,1.34457161,-13.26,GBP,3438.13,GBP,,,5.16,GBP
Limit sell,09/04/2026 19:57:00,US48581R2058,KSPI,Kaspi.KZ,EOF49312254643,46.985,75.41,USD,1.34357903,-4,GBP,2633.13,GBP,,,3.96,GBP
Limit sell,09/04/2026 19:58:00,US48581R2058,KSPI,Kaspi.KZ,EOF49312254648,40.005,75.41,USD,1.34360839,-3.45,GBP,2241.91,GBP,,,3.37,GBP
Limit sell,09/04/2026 19:58:00,US48581R2058,KSPI,Kaspi.KZ,EOF49312254660,13.01,75.41,USD,1.34358271,-1.11,GBP,729.1,GBP,,,1.1,GBP
Limit sell,09/04/2026 19:59:00,US5949181045,MSFT,Microsoft,EOF49312254908,15,373.11,USD,1.34354962,-133.35,GBP,4159.32,GBP,,,6.25,GBP
Limit sell,10/04/2026 15:03:00,US5949181045,MSFT,Microsoft,EOF49357346270,10,372.32,USD,1.34658994,-101.04,GBP,2760.76,GBP,,,4.15,GBP
Limit sell,10/04/2026 15:34:00,US0231351067,AMZN,Amazon,EOF49360014039,50,239.01,USD,1.34716059,599.73,GBP,8857.57,GBP,,,13.31,GBP
Limit sell,10/04/2026 15:42:00,US6153691059,MCO,Moody's,EOF49360015702,6.24674415,428.14,USD,1.34642312,-100.29,GBP,1983.38,GBP,,,2.98,GBP
Limit buy,16/04/2026 08:01:00,XS3091646797,3SSM,WisdomTree PHLX Semiconductor 3x Daily Short (Acc),EOF49651208175,29.16758379,2.494,GBP,1,,,72.74,GBP,,,,
Limit buy,16/04/2026 08:01:00,XS3091646797,3SSM,WisdomTree PHLX Semiconductor 3x Daily Short (Acc),EOF49651208188,32,2.494,GBP,1,,,79.81,GBP,,,,
Limit buy,16/04/2026 08:01:00,XS3091646797,3SSM,WisdomTree PHLX Semiconductor 3x Daily Short (Acc),EOF49651208194,32,2.494,GBP,1,,,79.81,GBP,,,,
Limit buy,16/04/2026 08:01:00,XS3091646797,3SSM,WisdomTree PHLX Semiconductor 3x Daily Short (Acc),EOF49651208258,6.83241621,2.506,GBP,1,,,17.12,GBP,,,,
Limit buy,20/04/2026 11:33:00,XS3091646797,3SSM,WisdomTree PHLX Semiconductor 3x Daily Short (Acc),EOF49855557427,23.21717282,2.324,GBP,1,,,53.96,GBP,,,,
Limit buy,20/04/2026 11:33:00,XS3091646797,3SSM,WisdomTree PHLX Semiconductor 3x Daily Short (Acc),EOF49855557433,28,2.324,GBP,1,,,65.07,GBP,,,,
Limit buy,20/04/2026 11:33:00,XS3091646797,3SSM,WisdomTree PHLX Semiconductor 3x Daily Short (Acc),EOF49855557434,28,2.324,GBP,1,,,65.07,GBP,,,,
Limit buy,20/04/2026 11:33:00,XS3091646797,3SSM,WisdomTree PHLX Semiconductor 3x Daily Short (Acc),EOF49855557440,28,2.322,GBP,1,,,65.02,GBP,,,,
Limit buy,20/04/2026 11:33:00,XS3091646797,3SSM,WisdomTree PHLX Semiconductor 3x Daily Short (Acc),EOF49855557464,28,2.324,GBP,1,,,65.07,GBP,,,,
Limit buy,20/04/2026 11:33:00,XS3091646797,3SSM,WisdomTree PHLX Semiconductor 3x Daily Short (Acc),EOF49855557467,28,2.324,GBP,1,,,65.07,GBP,,,,
Limit buy,20/04/2026 11:33:00,XS3091646797,3SSM,WisdomTree PHLX Semiconductor 3x Daily Short (Acc),EOF49855557468,41,2.324,GBP,1,,,95.28,GBP,,,,
Limit buy,20/04/2026 11:33:00,XS3091646797,3SSM,WisdomTree PHLX Semiconductor 3x Daily Short (Acc),EOF49855557473,41,2.322,GBP,1,,,95.2,GBP,,,,
Limit buy,20/04/2026 11:33:00,XS3091646797,3SSM,WisdomTree PHLX Semiconductor 3x Daily Short (Acc),EOF49855557495,41,2.324,GBP,1,,,95.28,GBP,,,,
Limit buy,20/04/2026 11:34:00,XS3091646797,3SSM,WisdomTree PHLX Semiconductor 3x Daily Short (Acc),EOF49855557582,13.78282718,2.324,GBP,1,,,32.03,GBP,,,,
Limit buy,22/04/2026 10:18:00,XS3091646797,3SSM,WisdomTree PHLX Semiconductor 3x Daily Short (Acc),EOF49950098556,19.14474,2.19,GBP,1,,,41.93,GBP,,,,
Limit buy,22/04/2026 10:18:00,XS3091646797,3SSM,WisdomTree PHLX Semiconductor 3x Daily Short (Acc),EOF49950098558,35,2.19,GBP,1,,,76.65,GBP,,,,
Limit buy,22/04/2026 10:18:00,XS3091646797,3SSM,WisdomTree PHLX Semiconductor 3x Daily Short (Acc),EOF49950098559,35,2.19,GBP,1,,,76.65,GBP,,,,
Limit buy,22/04/2026 10:18:00,XS3091646797,3SSM,WisdomTree PHLX Semiconductor 3x Daily Short (Acc),EOF49950098560,35,2.19,GBP,1,,,76.65,GBP,,,,
Limit buy,22/04/2026 10:18:00,XS3091646797,3SSM,WisdomTree PHLX Semiconductor 3x Daily Short (Acc),EOF49950098577,35,2.19,GBP,1,,,76.65,GBP,,,,
Dividend (Dividend),01/05/2026 15:03:00,US78392B1070,HY9H,SK hynix,,2,0.840284,EUR,0.8626,,,1.45,GBP,0.47,EUR,,
